{
  "0": [
    33.48660746846008,
    48.25783981664685
  ],
  "1": [
    18.53509755926071,
    14.980129445129192
  ],
  "2": [
    30.289075920221336,
    13.73303692242806
  ],
  "3": [
    2.9683724132857305,
    5.790330345308292
  ],
  "4": [
    36.62220669515099,
    40.29809503601086
  ],
  "5": [
    2.795693371564173,
    4.338596912857284
  ],
  "6": [
    37.94518760515167,
    41.34224397564182
  ],
  "7": [
    42.35453153024867,
    22.36931614265388
  ],
  "8": [
    25.447228110620262,
    47.38871190487333
  ],
  "9": [
    14.603426844990224,
    3.1822614194736865
  ],
  "10": [
    2.6559872397900195,
    19.70483447668946
  ],
  "11": [
    38.730425290895234,
    37.75743591774705
  ],
  "12": [
    36.389619123655585,
    30.98224257713012
  ],
  "13": [
    16.819871226937472,
    11.513257871311755
  ],
  "14": [
    31.111336887905473,
    44.85608171868808
  ],
  "15": [
    3.0179657724868134,
    25.970401609354937
  ],
  "16": [
    8.364586940535462,
    10.675950340668305
  ],
  "17": [
    19.425844646564418,
    14.187047720880773
  ],
  "18": [
    30.16390895268963,
    32.1518079026271
  ],
  "19": [
    33.68977691534523,
    3.232958098985356
  ],
  "20": [
    3.229938540357286,
    36.43473603546229
  ],
  "21": [
    2.979973334356223,
    45.90569515881432
  ],
  "22": [
    11.726412144478976,
    14.290113839012358
  ],
  "23": [
    5.542496433892513,
    19.137694129443446
  ],
  "24": [
    19.000438344489517,
    14.210568043827577
  ],
  "25": [
    30.0613612356033,
    8.277553359005296
  ],
  "26": [
    37.29830122955849,
    27.469329777495854
  ],
  "27": [
    32.46495062493287,
    35.95786848413262
  ],
  "28": [
    20.61574032522917,
    10.720013328306772
  ],
  "29": [
    39.25905935141122,
    46.78582308939869
  ],
  "30": [
    42.50897881567322,
    33.71672324672744
  ],
  "31": [
    38.57544769316936,
    18.520010545404308
  ],
  "32": [
    30.43693380209851,
    30.128348345485794
  ],
  "33": [
    49.40404611535949,
    23.995328293137735
  ],
  "34": [
    7.4968762780751765,
    31.980916633014488
  ],
  "35": [
    36.77526275366894,
    23.332816300631194
  ],
  "36": [
    45.6386411578414,
    47.09560708314443
  ],
  "37": [
    49.56047242852591,
    17.75358035023385
  ],
  "38": [
    28.13142954832393,
    35.50076901390629
  ],
  "39": [
    12.409855238752531,
    45.891510593916976
  ],
  "40": [
    20.099398572932625,
    31.39268819047942
  ],
  "41": [
    5.924484064863444,
    0.14145856724551154
  ],
  "42": [
    30.551263204890706,
    48.56195547602955
  ],
  "43": [
    36.04727228447837,
    12.020629615602962
  ],
  "44": [
    29.863500206926457,
    41.45033554453022
  ],
  "45": [
    28.749421369938137,
    26.63579749210221
  ],
  "46": [
    44.19215450907464,
    28.35519979998701
  ],
  "47": [
    41.66856707378924,
    28.233737846320967
  ],
  "48": [
    47.76978133498846,
    29.037082325246
  ],
  "49": [
    31.79563884497869,
    39.2227869575144
  ],
  "50": [
    32.98404645522027,
    11.311618534408453
  ],
  "51": [
    23.749228254392772,
    35.15512691246666
  ],
  "52": [
    31.453253675234123,
    41.40010795287247
  ],
  "53": [
    2.2989465832625013,
    7.945993911339993
  ],
  "54": [
    23.89542920459713,
    33.68867935551408
  ],
  "55": [
    17.272873449803537,
    40.65683971071326
  ],
  "56": [
    3.3411491347271447,
    24.945741188447073
  ],
  "57": [
    11.309432594080798,
    16.789606296408365
  ],
  "58": [
    12.408782796502477,
    48.71746984300442
  ],
  "59": [
    49.69875421345715,
    21.928177273449652
  ],
  "60": [
    37.565894087233346,
    5.150641682647822
  ],
  "61": [
    17.09803398424498,
    3.7218743534134457
  ],
  "62": [
    33.17181100428413,
    49.36067242350731
  ],
  "63": [
    48.65334030258162,
    28.02446710424462
  ],
  "64": [
    18.002264939736662,
    22.960054783237656
  ],
  "65": [
    34.09447169801463,
    44.05329462354682
  ],
  "66": [
    16.943596486204772,
    29.57878939835522
  ],
  "67": [
    19.07958676594007,
    19.119599821152068
  ],
  "68": [
    6.517377830468035,
    24.697925250001333
  ],
  "69": [
    35.86867497343227,
    32.89261973957378
  ],
  "70": [
    15.825073484430025,
    38.13342206658105
  ],
  "71": [
    49.57266568135975,
    42.42530701957886
  ],
  "72": [
    44.62409341636345,
    13.247265523102476
  ],
  "73": [
    43.89259612525274,
    5.697634586299766
  ],
  "74": [
    16.245681272991696,
    27.44818741579308
  ],
  "75": [
    37.21566253009232,
    7.703719843722623
  ],
  "76": [
    31.014192637063537,
    0.07939553675332389
  ],
  "77": [
    40.40667877847998,
    45.90540446849664
  ],
  "78": [
    32.27539414511968,
    0.4194796878001783
  ],
  "79": [
    15.907277314822405,
    13.71394669675573
  ],
  "80": [
    8.598550285306555,
    10.600733157268655
  ],
  "81": [
    28.468743679515494,
    38.84668235349463
  ],
  "82": [
    17.533221960684592,
    29.623761069678835
  ],
  "83": [
    8.49100792268449,
    31.09285751984921
  ],
  "84": [
    8.893033575404269,
    26.59928897370259
  ],
  "85": [
    23.523478229115824,
    45.08397212114688
  ],
  "86": [
    45.421508115074914,
    28.54333819465123
  ],
  "87": [
    5.3820358158965025,
    19.007492979125747
  ],
  "88": [
    43.19649273279059,
    17.515903683867958
  ],
  "89": [
    8.94625440788674,
    33.86130951402994
  ],
  "90": [
    39.0095503956768,
    5.753240711332519
  ],
  "91": [
    26.382450846395432,
    26.73075426151396
  ],
  "92": [
    17.286057141929124,
    26.15104196229248
  ],
  "93": [
    14.537358577394466,
    27.639815117660866
  ],
  "94": [
    3.0280259655933897,
    12.136091714211538
  ],
  "95": [
    10.09547997933289,
    31.468090607251526
  ],
  "96": [
    6.451617725852465,
    2.3135301450135204
  ],
  "97": [
    5.282363435546012,
    3.518217712499927
  ],
  "98": [
    11.389016635644184,
    48.23335131310346
  ],
  "99": [
    38.893262490666395,
    43.60069686616285
  ],
  "100": [
    6.671832123995092,
    20.232497931065847
  ],
  "101": [
    29.08404215437362,
    42.058215504822726
  ],
  "102": [
    45.024386654132684,
    33.249120179058025
  ],
  "103": [
    34.244968232310555,
    22.321514141479394
  ],
  "104": [
    13.324029487626882,
    4.2968529743147466
  ],
  "105": [
    4.998175935231131,
    17.66134862464291
  ],
  "106": [
    13.920713250212074,
    34.83808441582101
  ],
  "107": [
    21.720991586527937,
    20.556247675393628
  ],
  "108": [
    12.29886094990279,
    48.987047695779474
  ],
  "109": [
    20.88169832671524,
    43.662693140845064
  ],
  "110": [
    34.820489509037664,
    11.848840259868481
  ],
  "111": [
    22.849312395917615,
    30.800011098634528
  ],
  "112": [
    13.188576280794479,
    5.118007720637602
  ],
  "113": [
    19.04061161374625,
    42.95144457090916
  ],
  "114": [
    37.73283466961521,
    28.69763951971364
  ],
  "115": [
    20.175028864235017,
    46.52715475554294
  ],
  "116": [
    12.54452882383103,
    31.545532904016987
  ],
  "117": [
    5.197887615040781,
    27.05073695797141
  ],
  "118": [
    25.313247237208437,
    49.404779702788595
  ],
  "119": [
    13.753357758997176,
    23.14850335472759
  ],
  "120": [
    7.538341694973388,
    14.858542401070657
  ],
  "121": [
    6.097748824316607,
    21.265319734151667
  ],
  "122": [
    23.97399359623155,
    18.940648759119544
  ],
  "123": [
    10.416792889701682,
    43.34116728634127
  ],
  "124": [
    7.4711418271442565,
    14.424220496882468
  ],
  "125": [
    13.164960055115504,
    13.502153027393543
  ],
  "126": [
    18.506396605281644,
    24.83955761727123
  ],
  "127": [
    41.4200551862837,
    8.400133259692256
  ],
  "128": [
    6.566832980331844,
    44.46711519166959
  ],
  "129": [
    9.220270205563075,
    20.452779002890342
  ],
  "130": [
    15.224192535208159,
    13.189950752808826
  ],